{
	"miniprogramRoot": "dist/",
	"projectname": "sign",
	"description": "一款精致的面试管理软件",
	"appid": "wx3375420e2c184d34  ",
	"setting": {
		"urlCheck": true,
		"es6": false,
		"postcss": false,
		"minified": false
	},
	"compileType": "miniprogram",
	"simulatorType": "wechat",
	"simulatorPluginLibVersion": {},
	"condition": {
		"search": {
			"current": -1,
			"list": []
		},
		"conversation": {
			"current": -1,
			"list": []
		},
		"plugin": {
			"current": -1,
			"list": []
		},
		"game": {
			"list": []
		},
		"gamePlugin": {
			"current": -1,
			"list": []
		},
		"miniprogram": {
			"current": -1,
			"list": [
				{
					"id": -1,
					"name": "地图页面",
					"pathName": "pages/map/index",
					"query": "",
					"scene": null
				},
				{
					"id": -1,
					"name": "添加面试页面",
					"pathName": "pages/sign/add/index",
					"scene": null
				}
			]
		}
	}
}